document,page_idx,last_accessed
./test.pdf,0,1691368980.776277
./test.pdf,0,1691368980.776278
./test.pdf,0,1691368980.776279
./test.pdf,0,1691368980.77628
./test.pdf,0,1691368980.776281
./test.pdf,0,1691368980.776282
